"ID","Step","Description","Interval","Result"
"1","Project Vision","Define project goals and objectives","One-time","Project vision statement"
"2","Product Backlog Creation","Create and prioritize product backlog items","Ongoing","Product backlog"
"3","Sprint Planning","Plan and commit to sprint goals","Sprint","Sprint backlog"
"4","Sprint Development","Develop and test product backlog items","Sprint","Working software"
"5","Daily Scrum","Daily team meeting for progress updates and planning","Daily","Updated task status"
"6","Sprint Review","Demonstrate working software to stakeholders","Sprint","Feedback and validation"
"7","Sprint Retrospective","Reflect on sprint process and identify improvements","Sprint","Action items for improvement"
"8","Product Backlog Refinement","Refine and prioritize product backlog items","Ongoing","Updated product backlog"
"9","Release Planning","Plan and schedule releases","As needed","Release plan"
"10","CI/CD Pipeline Setup","Set up continuous integration and deployment pipeline","One-time","Automated build, test, and deployment"
"11","Automated Testing","Write and run automated tests","Ongoing","Test coverage and results"
"12","Code Review","Review code changes for quality and consistency","Ongoing","Improved code quality"
"13","Deployment","Deploy software to production","As needed","Deployed software"
"14","Monitoring and Feedback","Monitor software performance and gather feedback","Ongoing","Performance metrics and user feedback"
"15","Product Increment","Deliver working software increment to stakeholders","Sprint","Working software increment"