"ID","Name","Description","IsSum","GoalType","EntityName","EntityAttribute","CriteriaType","Weight"
"G0","maximize_project_budget","Maximize project budget",False,"max","Project","budget",2,1.0
"G1","minimize_project_duration","Minimize project duration",False,"min","Project","project_end",2,1.0
"G2","maximize_team_velocity","Maximize team velocity",False,"max","Velocity","avg._story_points",2,1.2
"G3","minimize_blocker_severity","Minimize blocker severity",False,"min","Blocker","severity",2,0.8
"G4","maximize_sprint_goal_achievement","Maximize sprint goal achievement",False,"max","SprintGoal","achievement_status",2,1.1
"G5","minimize_task_effort","Minimize task effort",False,"min","Task","effort",2,0.9
"G6","maximize_feature_priority","Maximize feature priority",False,"max","Feature","priority",2,1.0
"G7","minimize_sprint_retrospective_improvement_actions","Minimize sprint retrospective improvement actions",False,"min","SprintRetrospective","improvement_actions",2,0.7
"G8","maximize_stakeholder_satisfaction","Maximize stakeholder satisfaction",False,"max","Stakeholder","influence_level",2,1.0
"G9","minimize_development_snapshot_bugs","Minimize development snapshot bugs",False,"min","DevelopmentSnapshot","test_status",2,0.9
"G10","maximize_release_plan_features","Maximize release plan features",False,"max","ReleasePlan","included_features",2,1.1
"G11","minimize_scrum_board_tasks","Minimize scrum board tasks",False,"min","ScrumBoard","number_of_cards",2,0.8
"G12","maximize_product_owner_availability","Maximize product owner availability",False,"max","ProductOwner","availability",2,1.0
"G13","minimize_sprint_planning_duration","Minimize sprint planning duration",False,"min","SprintPlanning","duration_(min)",2,0.7
"G14","maximize_sprint_review_feedback","Maximize sprint review feedback",False,"max","SprintReview","feedback_documentation",2,1.1